{"cameraMode":{"drawMode":0,"name":"Shaded","section":"Shading Mode"},"sceneLighting":false,"audioPlay":false,"sceneViewState":{"showFog":false,"showMaterialUpdate":false,"showSkybox":false,"showFlares":false,"showImageEffects":false,"showParticleSystems":false},"in2DMode":false,"pivot":{"x":-0.14759504795074464,"y":-1.172387719154358,"z":4.2362236976623539},"rotation":{"x":0.1913333237171173,"y":-0.026615245267748834,"z":0.005217809230089188,"w":0.9812032580375671},"size":2.78660249710083,"orthographic":false}